Temperature,Soil,Humidity
31.0,40.0,40.0
60.0,50.0,60.0
28.500223147869534,33.80175327126584,78.65627688867984
30.0,35.0,37.0
10.0,10.0,1.0
50.0,50.0,70.0
25.917324732084943,37.69849892396185,66.88884896754922
